{
  "benchmark": [
    {
      "name": "VPI_CUDA",
      "mean_ms": 64.20488503329882,
      "std_ms": 2.8636824750232646,
      "min_ms": 62.31346999993548,
      "max_ms": 77.35492100073316,
      "p50_ms": 63.44110100053513,
      "p95_ms": 68.31554924920054,
      "p99_ms": 75.29125171018677,
      "fps": 15.575138861807263,
      "valid_ratio": 0.9896855709876543,
      "iterations": 30,
      "image_size": "1440x1080",
      "max_disparity": 128,
      "depth_stats": {
        "min_mm": 536.4722290039062,
        "max_mm": 1034034.5,
        "mean_mm": 15899.6787109375,
        "median_mm": 6784.4794921875,
        "std_mm": 47344.30078125
      },
      "consistency_vs_ref": 1.0
    },
    {
      "name": "VPI_OFA_ds4",
      "mean_ms": 39.35094160012037,
      "std_ms": 0.433132348970526,
      "min_ms": 38.85036300016509,
      "max_ms": 40.77063400109182,
      "p50_ms": 39.26631599915709,
      "p95_ms": 40.09391965064424,
      "p99_ms": 40.609637891029706,
      "fps": 25.412352521621518,
      "valid_ratio": 0.9989512602880658,
      "iterations": 30,
      "image_size": "1440x1080",
      "max_disparity": 128,
      "depth_stats": {
        "min_mm": 1081.35986328125,
        "max_mm": 1077614.5,
        "mean_mm": 3645.6474609375,
        "median_mm": 1734.454345703125,
        "std_mm": 14239.2119140625
      },
      "consistency_vs_ref": 0.0031879305884020175,
      "mean_diff_px": 279.4977722167969
    },
    {
      "name": "OpenCV_SGBM_CPU",
      "mean_ms": 186.48551180000746,
      "std_ms": 3.7981749765165196,
      "min_ms": 180.54244999984803,
      "max_ms": 197.13682800102106,
      "p50_ms": 186.28310250005597,
      "p95_ms": 193.91960440007094,
      "p99_ms": 197.0410178009115,
      "fps": 5.362346867312831,
      "valid_ratio": 0.4151099537037037,
      "iterations": 30,
      "image_size": "1440x1080",
      "max_disparity": 128,
      "depth_stats": {
        "min_mm": 4325.439453125,
        "max_mm": 976588.125,
        "mean_mm": 13763.943359375,
        "median_mm": 6618.443359375,
        "std_mm": 56748.75390625
      },
      "consistency_vs_ref": 0.2805717887463135,
      "mean_diff_px": 83.59398651123047
    },
    {
      "name": "OpenCV_CUDA_SGM",
      "mean_ms": 33.3404676332672,
      "std_ms": 1.0633603316538502,
      "min_ms": 32.38731300007203,
      "max_ms": 37.04331199878652,
      "p50_ms": 32.99576999961573,
      "p95_ms": 35.93207290023201,
      "p99_ms": 36.94591433937603,
      "fps": 29.99358050401781,
      "valid_ratio": 0.2996219135802469,
      "iterations": 30,
      "image_size": "1440x1080",
      "max_disparity": 128,
      "depth_stats": {
        "min_mm": 270.3399658203125,
        "max_mm": 274665.40625,
        "mean_mm": 1042.649169921875,
        "median_mm": 425.17864990234375,
        "std_mm": 3604.876220703125
      },
      "consistency_vs_ref": 0.0003963287891940094,
      "mean_diff_px": 1170.54248046875
    },
    {
      "name": "OpenCV_CUDA_BM",
      "mean_ms": 20.05564843329921,
      "std_ms": 1.8566074994809327,
      "min_ms": 19.303576000311296,
      "max_ms": 29.81546299997717,
      "p50_ms": 19.627333000244107,
      "p95_ms": 21.092702350051695,
      "p99_ms": 27.291115950283718,
      "fps": 49.861264936199184,
      "valid_ratio": 0.6612705761316873,
      "iterations": 30,
      "image_size": "1440x1080",
      "max_disparity": 128,
      "depth_stats": {
        "min_mm": 4325.439453125,
        "max_mm": 549330.8125,
        "mean_mm": 16831.359375,
        "median_mm": 6036.6025390625,
        "std_mm": 52240.2734375
      },
      "consistency_vs_ref": 0.12077678911699889,
      "mean_diff_px": 101.36251831054688
    }
  ],
  "calibration": {
    "image_size": "1440x1080",
    "baseline_mm": 328.71064463368685,
    "focal_px": 1671.168301248506
  }
}