{
  "fB_fit": 1493.0854548127322,
  "d0": -4.1430011100255095,
  "d0_fb_fixed": -4.82941727197815,
  "field": "disparity_bbox_center",
  "fit_buckets": [
    3.0,
    4.0,
    5.0,
    6.0,
    7.0,
    8.0,
    9.0,
    10.0,
    11.0
  ]
}