{
 "model": "M4 stream",
 "acc_by_lead": {
  "0.1-0.3s": [
   0.09046609641530147,
   261
  ],
  "0.3-0.6s": [
   0.14599522167938617,
   176
  ],
  "0.6-1.0s": [
   0.17297333073265625,
   175
  ],
  "1.0-2.5s": [
   0.3051396126702713,
   387
  ]
 },
 "lockon_median_s": 0.3222780000014609,
 "lockon_p25_s": 0.2836090000000695,
 "windows": 15,
 "jitter_median_m": 0.043351786925705064,
 "valid_rate": 0.5798365122615804,
 "ms_per_frame": 2.697593334055368
}