{
 "ca_kalman": {
  "model": "ca_kalman",
  "acc_by_lead": {
   "0.1-0.3s": [
    0.09632887451042228,
    253
   ],
   "0.3-0.6s": [
    0.3441330828833691,
    169
   ],
   "0.6-1.0s": [
    0.8628296836643661,
    175
   ],
   "1.0-2.5s": [
    1.199723814976194,
    393
   ]
  },
  "lockon_median_s": 0.3001449999992474,
  "lockon_p25_s": 0.2601760000006834,
  "windows": 15,
  "jitter_median_m": 0.05787785785158695,
  "valid_rate": 0.576566757493188,
  "ms_per_frame": 2.504197877928466
 },
 "polyfit": {
  "model": "polyfit",
  "acc_by_lead": {
   "0.1-0.3s": [
    0.1166983398877919,
    219
   ],
   "0.3-0.6s": [
    0.21530273568601907,
    139
   ],
   "0.6-1.0s": [
    0.5990717562271826,
    170
   ],
   "1.0-2.5s": [
    2.0931164442024475,
    318
   ]
  },
  "lockon_median_s": 0.2779550000013842,
  "lockon_p25_s": 0.1978545000001759,
  "windows": 15,
  "jitter_median_m": 0.059225617463800645,
  "valid_rate": 0.49645776566757494,
  "ms_per_frame": 2.2773213863890405
 },
 "ekf_nodrag_t": {
  "model": "ekf_nodrag_t",
  "acc_by_lead": {
   "0.1-0.3s": [
    0.10452365790112868,
    261
   ],
   "0.3-0.6s": [
    0.2595699569664476,
    176
   ],
   "0.6-1.0s": [
    0.3999244282029549,
    175
   ],
   "1.0-2.5s": [
    0.8461392129077455,
    391
   ]
  },
  "lockon_median_s": 0.33355500000106986,
  "lockon_p25_s": 0.261046499999793,
  "windows": 15,
  "jitter_median_m": 0.12966359638607958,
  "valid_rate": 0.582016348773842,
  "ms_per_frame": 2.4344734506661063
 },
 "ekf_drag_t": {
  "model": "ekf_drag_t",
  "acc_by_lead": {
   "0.1-0.3s": [
    0.10067249588227803,
    261
   ],
   "0.3-0.6s": [
    0.29714814993190575,
    176
   ],
   "0.6-1.0s": [
    0.5345997696016264,
    175
   ],
   "1.0-2.5s": [
    1.205920172817877,
    391
   ]
  },
  "lockon_median_s": 0.33355500000106986,
  "lockon_p25_s": 0.261046499999793,
  "windows": 15,
  "jitter_median_m": 0.11520357862425,
  "valid_rate": 0.582016348773842,
  "ms_per_frame": 2.4370442713951115
 },
 "ekf_cd": {
  "model": "ekf_cd",
  "acc_by_lead": {
   "0.1-0.3s": [
    0.10264960707332658,
    261
   ],
   "0.3-0.6s": [
    0.312013019192991,
    176
   ],
   "0.6-1.0s": [
    0.6575448910157838,
    175
   ],
   "1.0-2.5s": [
    1.2818565449967712,
    391
   ]
  },
  "lockon_median_s": 0.33355500000106986,
  "lockon_p25_s": 0.261046499999793,
  "windows": 15,
  "jitter_median_m": 0.11463599952679042,
  "valid_rate": 0.582016348773842,
  "ms_per_frame": 2.4539852572247915
 }
}