{
  "new_clips": [
    "p1_dy_regression_20260710_042043",
    "p1_dy_regression_20260710_042117",
    "p1_dy_regression_20260710_042145",
    "p1_dy_regression_20260710_042259",
    "p1_dy_regression_20260710_042318",
    "p1_dy_regression_20260710_042436",
    "p1_dy_regression_20260710_042452",
    "p1_dy_regression_20260710_042512",
    "p1_dy_regression_20260710_042529",
    "p1_dy_regression_20260710_042552"
  ],
  "candidate_windows": [
    {
      "run": "p1_dy_regression_20260710_042145",
      "tid": 1,
      "s": 88,
      "imp": 173,
      "t_start": 1230.181088,
      "t_impact": 1231.125268,
      "p_impact": [
        0.6800855788159356,
        0.3096170544710052,
        1.6717843115037065
      ],
      "z0": 4.6025426489754855,
      "z1": 1.6717843115037065,
      "h0": 0.24620734147518153,
      "h1": 0.5521914933139722,
      "hmax": 1.4794686375520938,
      "dur": 0.9441799999999603,
      "fit_rms": 0.007267479503641814,
      "accel": [
        -0.04703660814425073,
        9.660139747117334,
        0.9885607440705295
      ],
      "accel_norm": 9.710703616168047,
      "weak_physics": false,
      "h1_ref": -0.044750193560057605,
      "hmax_ref": 0.9158239126277758
    },
    {
      "run": "p1_dy_regression_20260710_042259",
      "tid": 2,
      "s": 0,
      "imp": 106,
      "t_start": 1302.966768,
      "t_impact": 1304.144328,
      "p_impact": [
        0.656289450553033,
        -0.29701985749039944,
        3.912246888206294
      ],
      "z0": 11.155017279497638,
      "z1": 3.912246888206294,
      "h0": 0.21964485846209225,
      "h1": 0.5973209766167373,
      "hmax": 2.0457949825079775,
      "dur": 1.177560000000085,
      "fit_rms": 0.06656903298872464,
      "accel": [
        -0.030645558723551375,
        9.065359891288931,
        2.876624651342821
      ],
      "accel_norm": 9.510870543413613,
      "weak_physics": false,
      "h1_ref": 0.051134466752364105,
      "hmax_ref": 1.5738796886759732
    },
    {
      "run": "p1_dy_regression_20260710_042318",
      "tid": 4,
      "s": 0,
      "imp": 79,
      "t_start": 1321.866101,
      "t_impact": 1322.754663,
      "p_impact": [
        0.4824785757473653,
        0.23058733118445876,
        3.04256741923261
      ],
      "z0": 9.39996115281308,
      "z1": 3.04256741923261,
      "h0": 0.47059399906011246,
      "h1": 0.2967299548823825,
      "hmax": 1.33333818515953,
      "dur": 0.8885619999998653,
      "fit_rms": 0.023712270265254125,
      "accel": [
        -0.0843878451694152,
        9.483173947340848,
        2.1122772873489333
      ],
      "accel_norm": 9.71593663846089,
      "weak_physics": false,
      "h1_ref": -0.27172195285678136,
      "hmax_ref": 0.8433341261794278
    },
    {
      "run": "p1_dy_regression_20260710_042552",
      "tid": 3,
      "s": 0,
      "imp": 89,
      "t_start": 1476.357626,
      "t_impact": 1477.412919,
      "p_impact": [
        0.27456710614662416,
        -0.18643457762763485,
        3.4465457355133227
      ],
      "z0": 9.429618098782678,
      "z1": 3.4465457355133227,
      "h0": 0.8971195554685307,
      "h1": 0.603688278516533,
      "hmax": 2.055223331256986,
      "dur": 1.0552930000001197,
      "fit_rms": 0.017111373255001703,
      "accel": [
        -0.021952151488240944,
        9.030912662376677,
        2.09518393344131
      ],
      "accel_norm": 9.270796143124977,
      "weak_physics": false,
      "h1_ref": 0.044750193560057605,
      "hmax_ref": 1.5792002304356614
    }
  ],
  "good_windows": [
    {
      "run": "p1_dy_regression_20260710_042145",
      "tid": 1,
      "s": 88,
      "imp": 173,
      "t_start": 1230.181088,
      "t_impact": 1231.125268,
      "p_impact": [
        0.6800855788159356,
        0.3096170544710052,
        1.6717843115037065
      ],
      "z0": 4.6025426489754855,
      "z1": 1.6717843115037065,
      "h0": 0.24620734147518153,
      "h1": 0.5521914933139722,
      "hmax": 1.4794686375520938,
      "dur": 0.9441799999999603,
      "fit_rms": 0.007267479503641814,
      "accel": [
        -0.04703660814425073,
        9.660139747117334,
        0.9885607440705295
      ],
      "accel_norm": 9.710703616168047,
      "weak_physics": false,
      "h1_ref": -0.044750193560057605,
      "hmax_ref": 0.9158239126277758
    },
    {
      "run": "p1_dy_regression_20260710_042259",
      "tid": 2,
      "s": 0,
      "imp": 106,
      "t_start": 1302.966768,
      "t_impact": 1304.144328,
      "p_impact": [
        0.656289450553033,
        -0.29701985749039944,
        3.912246888206294
      ],
      "z0": 11.155017279497638,
      "z1": 3.912246888206294,
      "h0": 0.21964485846209225,
      "h1": 0.5973209766167373,
      "hmax": 2.0457949825079775,
      "dur": 1.177560000000085,
      "fit_rms": 0.06656903298872464,
      "accel": [
        -0.030645558723551375,
        9.065359891288931,
        2.876624651342821
      ],
      "accel_norm": 9.510870543413613,
      "weak_physics": false,
      "h1_ref": 0.051134466752364105,
      "hmax_ref": 1.5738796886759732
    },
    {
      "run": "p1_dy_regression_20260710_042318",
      "tid": 4,
      "s": 0,
      "imp": 79,
      "t_start": 1321.866101,
      "t_impact": 1322.754663,
      "p_impact": [
        0.4824785757473653,
        0.23058733118445876,
        3.04256741923261
      ],
      "z0": 9.39996115281308,
      "z1": 3.04256741923261,
      "h0": 0.47059399906011246,
      "h1": 0.2967299548823825,
      "hmax": 1.33333818515953,
      "dur": 0.8885619999998653,
      "fit_rms": 0.023712270265254125,
      "accel": [
        -0.0843878451694152,
        9.483173947340848,
        2.1122772873489333
      ],
      "accel_norm": 9.71593663846089,
      "weak_physics": false,
      "h1_ref": -0.27172195285678136,
      "hmax_ref": 0.8433341261794278
    },
    {
      "run": "p1_dy_regression_20260710_042552",
      "tid": 3,
      "s": 0,
      "imp": 89,
      "t_start": 1476.357626,
      "t_impact": 1477.412919,
      "p_impact": [
        0.27456710614662416,
        -0.18643457762763485,
        3.4465457355133227
      ],
      "z0": 9.429618098782678,
      "z1": 3.4465457355133227,
      "h0": 0.8971195554685307,
      "h1": 0.603688278516533,
      "hmax": 2.055223331256986,
      "dur": 1.0552930000001197,
      "fit_rms": 0.017111373255001703,
      "accel": [
        -0.021952151488240944,
        9.030912662376677,
        2.09518393344131
      ],
      "accel_norm": 9.270796143124977,
      "weak_physics": false,
      "h1_ref": 0.044750193560057605,
      "hmax_ref": 1.5792002304356614
    }
  ],
  "physics": {
    "residual": false,
    "g_hat": [
      -0.004084255818098292,
      0.9752168393620938,
      0.22121355084854238
    ],
    "ground_h": -0.6242372720322942,
    "g_norm": 9.50995362772996,
    "windows": 4,
    "acc": {
      "0.1-0.3s": {
        "median": 0.09407758658307584,
        "p75": 0.2791928540665704,
        "p90": 0.508527274078563,
        "n": 71
      },
      "0.3-0.6s": {
        "median": 0.2691372781189023,
        "p75": 0.4420648841128444,
        "p90": 0.6205017561099236,
        "n": 104
      },
      "0.6-1.0s": {
        "median": 0.264409658564007,
        "p75": 0.4640138058206563,
        "p90": 1.202697684887396,
        "n": 119
      },
      "1.0-2.5s": {
        "median": 5.905272769928633,
        "p75": 11.007476944924257,
        "p90": 16.75583770467835,
        "n": 16
      }
    },
    "lockon_med": 0.661,
    "lockon_p25": 0.49975,
    "jitter": 0.055202816211494414,
    "ms": 2.169490777166926,
    "n_updates": 368,
    "n_preds": 326,
    "win_stats": [
      {
        "run": "p1_dy_regression_20260710_042145",
        "tid": 1,
        "dur": 0.94,
        "z0": 4.6,
        "z1": 1.67,
        "hmax": 0.92,
        "h1": -0.04,
        "weak": false,
        "n": 74,
        "lockon": 0.7,
        "early": [
          null,
          0
        ],