{
 "bbox_only": {
  "model": "bbox_only",
  "acc_by_lead": {
   "0.1-0.3s": [
    0.09034952511766722,
    261
   ],
   "0.3-0.6s": [
    0.2493888988421145,
    176
   ],
   "0.6-1.0s": [
    0.365000000790991,
    175
   ],
   "1.0-2.5s": [
    0.8060608762056444,
    387
   ]
  },
  "lockon_median_s": 0.33355500000106986,
  "lockon_p25_s": 0.2780110000003333,
  "windows": 15,
  "jitter_median_m": 0.08419881590002137,
  "valid_rate": 0.5798365122615804,
  "ms_per_frame": 2.455571699208768
 },
 "circle_only": {
  "model": "circle_only",
  "acc_by_lead": {
   "0.1-0.3s": [
    0.14473991273506348,
    258
   ],
   "0.3-0.6s": [
    0.22702433308952052,
    173
   ],
   "0.6-1.0s": [
    0.35450732129192875,
    175
   ],
   "1.0-2.5s": [
    0.7715591915432146,
    389
   ]
  },
  "lockon_median_s": 0.31223099999988335,
  "lockon_p25_s": 0.24398349999955826,
  "windows": 15,
  "jitter_median_m": 0.07632890463673443,
  "valid_rate": 0.5769439912996194,
  "ms_per_frame": 2.5332539744305844
 },
 "bbox>circle>xfeat": {
  "model": "bbox>circle>xfeat",
  "acc_by_lead": {
   "0.1-0.3s": [
    0.10191303793102566,
    262
   ],
   "0.3-0.6s": [
    0.24976262847354036,
    174
   ],
   "0.6-1.0s": [
    0.36517660209228814,
    175
   ],
   "1.0-2.5s": [
    0.7947935643648351,
    389
   ]
  },
  "lockon_median_s": 0.3225819999988744,
  "lockon_p25_s": 0.261046499999793,
  "windows": 15,
  "jitter_median_m": 0.08880483106096629,
  "valid_rate": 0.4731469152241456,
  "ms_per_frame": 3.295680650657635
 },
 "circle>bbox>xfeat": {
  "model": "circle>bbox>xfeat",
  "acc_by_lead": {
   "0.1-0.3s": [
    0.1491476446495593,
    262
   ],
   "0.3-0.6s": [
    0.22446025763357186,
    174
   ],
   "0.6-1.0s": [
    0.35450732129192875,
    175
   ],
   "1.0-2.5s": [
    0.7715591915432146,
    389
   ]
  },
  "lockon_median_s": 0.31223099999988335,
  "lockon_p25_s": 0.24398349999955826,
  "windows": 15,
  "jitter_median_m": 0.07641006875168735,
  "valid_rate": 0.47270306258322237,
  "ms_per_frame": 3.3256726737644517
 }
}