{
 "model": "ekf_tuned",
 "acc_by_lead": {
  "0.1-0.3s": [
   0.09212465073998063,
   261
  ],
  "0.3-0.6s": [
   0.25921413291834605,
   176
  ],
  "0.6-1.0s": [
   0.3734358093112948,
   175
  ],
  "1.0-2.5s": [
   0.8070529358889812,
   387
  ]
 },
 "lockon_median_s": 0.33355500000106986,
 "lockon_p25_s": 0.2780110000003333,
 "windows": 15,
 "jitter_median_m": 0.0839027537079614,
 "valid_rate": 0.5798365122615804,
 "ms_per_frame": 2.5640181193472755
}