{
  "deploy_runtime_d0_physics": {
    "name": "deploy_runtime_d0_physics",
    "d0": -5.324,
    "fB": 1497.079173026084,
    "residual_enabled": false,
    "residual_available": false,
    "acc_by_lead": {
      "0.1-0.3s": {
        "median_m": 0.09766645596857632,
        "n": 262,
        "p75_m": 0.22846101896996976,
        "p90_m": 0.4259387657417613
      },
      "0.3-0.6s": {
        "median_m": 0.25033881601768265,
        "n": 172,
        "p75_m": 0.36747757997121744,
        "p90_m": 0.5340630208162084
      },
      "0.6-1.0s": {
        "median_m": 0.3721915582941725,
        "n": 175,
        "p75_m": 0.610108498436472,
        "p90_m": 0.7819485330390719
      },
      "1.0-2.5s": {
        "median_m": 0.7993323639931091,
        "n": 377,
        "p75_m": 1.5288845522942691,
        "p90_m": 5.2855221815414435
      }
    },
    "lockon_median_s": 0.3225819999988744,
    "lockon_p25_s": 0.2780110000003333,
    "windows": 15,
    "jitter_median_m": 0.07252499375768896,
    "valid_rate": 0.4653948535936114,
    "ms_per_frame": 1.196805315827988,
    "sources": {
      "bbox_center": 1502,
      "circle_center": 3
    },
    "by_range_0.6_1.0s": {
      "3-6m": {
        "median_m": 0.5950192318900374,
        "n": 30
      },
      "6-9m": {
        "median_m": 0.3240685677846694,
        "n": 47
      },
      "9-12m": {
        "median_m": 0.3290023911631873,
        "n": 98
      },
      "12-20m": {
        "median_m": null,
        "n": 0
      }
    },
    "worst_early_windows": [
      {
        "run": "144030",
        "impact_idx": 184,
        "lockon_s": 0.7223510000003444,
        "n": 103,
        "median_err": 0.2532650530869915,
        "early_med": 6.081826922074678,
        "mid_med": 0.29070201600577517,
        "late_med": 0.10598557145784972,
        "z_med": 7.9969681796601115,
        "z_max": 12.621070779927344
      },
      {
        "run": "143909",
        "impact_idx": 121,
        "lockon_s": 0.6498950000004697,
        "n": 114,
        "median_err": 0.2729243886450304,
        "early_med": 2.292511047478971,
        "mid_med": 0.4754385619794461,
        "late_med": 0.0648851652299733,
        "z_med": 8.125659915688715,
        "z_max": 12.258811105607581
      },
      {
        "run": "143434",
        "impact_idx": 142,
        "lockon_s": 0.38902500000040163,
        "n": 62,
        "median_err": 0.38624749910461553,
        "early_med": 1.0728757345518627,
        "mid_med": 0.5058843798039935,
        "late_med": 0.05672810520596129,
        "z_med": 5.068444999278578,
        "z_max": 6.140621648576223
      },
      {
        "run": "143434",
        "impact_idx": 64,
        "lockon_s": 0.3553969999993569,
        "n": 58,
        "median_err": 0.6674271015327378,
        "early_med": 1.0579363218702136,
        "mid_med": null,
        "late_med": 0.11972743752288949,
        "z_med": 11.010734979487978,
        "z_max": 12.561879172618598
      },
      {
        "run": "143847",
        "impact_idx": 101,
        "lockon_s": 0.6218609999996261,
        "n": 92,
        "median_err": 0.351536736512486,
        "early_med": 1.0463995522254643,
        "mid_med": 0.3970802631709025,
        "late_med": 0.25697068623349884,
        "z_med": 8.43432527628766,
        "z_max": 11.792060378839249
      }
    ],
    "best_early_windows": [
      {
        "run": "143504",
        "impact_idx": 71,
        "lockon_s": 0.32155100000090897,
        "n": 66,
        "median_err": 0.15510262929486057,
        "early_med": 0.34998240206168824,
        "mid_med": null,
        "late_med": 0.04721096811162372,
        "z_med": 9.941673752778437,
        "z_max": 12.783247188486161
      },
      {
        "run": "143642",
        "impact_idx": 58,
        "lockon_s": 0.2547149999991234,
        "n": 51,
        "median_err": 0.2679500263384547,
        "early_med": 0.5357719188056834,
        "mid_med": null,
        "late_med": 0.143178061688729,
        "z_med": 9.783114014016856,
        "z_max": 11.903187614965347
      },
      {
        "run": "143702",
        "impact_idx": 99,
        "lockon_s": 0.23325199999999313,
        "n": 46,
        "median_err": 0.22903420571827848,
        "early_med": 0.5718150468819252,
        "mid_med": null,
        "late_med": 0.04703437686821663,
        "z_med": 10.368691045276124,
        "z_max": 12.091385468862363
      },
      {
        "run": "143620",
        "impact_idx": 53,
        "lockon_s": 0.26737800000046263,
        "n": 48,
        "median_err": 0.349105539117728,
        "early_med": 0.585334723333044,
        "mid_med": null,
        "late_med": 0.04413639645382611,
        "z_med": 10.492536651495037,
        "z_max": 12.31785365631175
      },
      {
        "run": "143949",
        "impact_idx": 72,
        "lockon_s": 0.14415900000130932,
        "n": 62,
        "median_err": 0.6574479599226728,
        "early_med": 0.5924386018552419,
        "mid_med": null,
        "late_med": 4.70021906075168,
        "z_med": 9.6470394948281,
        "z_max": 11.95596562246137
      }
    ],
    "n_pred_in_windows": 1049,
    "n_updates": 2254,
    "residual_reason": "disabled"
  },
  "eval_d0_physics": {
    "name": "eval_d0_physics",
    "d0": -4.1430011100255095,
    "fB": 1493.0854548127322,
    "residual_enabled": false,
    "residual_available": false,
    "acc_by_lead": {
      "0.1-0.3s": {
        "median_m": 0.09955893899312904,
        "n": 262,
        "p75_m": 0.23945804035420043,
        "p90_m": 0.43802612614803105
      },
      "0.3-0.6s": {
        "median_m": 0.2524797371990587,
        "n": 172,
        "p75_m": 0.3736605000962984,
        "p90_m": 0.5333241805599025
      },
      "0.6-1.0s": {
        "median_m": 0.3624810063155609,
        "n": 175,
        "p75_m": 0.5992874394383261,
        "p90_m": 0.7764753246199202
      },
      "1.0-2.5s": {
        "median_m": 0.7787832013793848,
        "n": 376,
        "p75_m": 1.4797466638503374,
        "p90_m": 5.220619401264766
      }
    },
    "lockon_median_s": 0.32155100000090897,
    "lockon_p25_s": 0.2726924999997209,
    "windows": 15,
    "jitter_median_m": 0.0727751483436258,
    "valid_rate": 0.4649511978704525,
    "ms_per_frame": 1.190738633086309,
    "sources": {
      "bbox_center": 1501,
      "circle_center": 3
    },
    "by_range_0.6_1.0s": {
      "3-6m": {
        "median_m": 0.591785580235055,
        "n": 30
      },
      "6-9m": {
        "median_m": 0.3165258170284839,
        "n": 46
      },
      "9-12m": {
        "median_m": 0.3240468429876738,
        "n": 99
      },
      "12-20m": {
        "median_m": null,
        "n": 0
      }
    },
    "worst_early_windows": [
      {
        "run": "144030",
        "impact_idx": 184,
        "lockon_s": 0.835707000000184,
        "n": 102,
        "median_err": 0.241700488816612,
        "early_med": 5.816935785726237,
        "mid_med": 0.2861604373707265,
        "late_med": 0.10079003868243959,
        "z_med": 7.99381090272652,
        "z_max": 12.201078266027084
      },
      {
        "run": "143909",
        "impact_idx": 121,
        "lockon_s": 0.6498950000004697,
        "n": 114,
        "median_err": 0.2687556424525309,
        "early_med": 2.437416125187376,
        "mid_med": 0.464439810058475,
        "late_med": 0.07138369666238871,
        "z_med": 8.156148517397252,
        "z_max": 12.352563462236226
      },
      {
        "run": "143847",
        "impact_idx": 101,
        "lockon_s": 0.27800699999897915,
        "n": 92,
        "median_err": 0.357873687745521,
        "early_med": 1.157206827859105,
        "mid_med": 0.459476828278537,
        "late_med": 0.26900700465879285,
        "z_med": 8.468116311782623,
        "z_max": 11.871208673358387
      },
      {
        "run": "143434",
        "impact_idx": 142,
        "lockon_s": 0.38902500000040163,
        "n": 62,
        "median_err": 0.3878297288414023,
        "early_med": 1.0751525160560151,